id,name,age,city,gender
1,John Doe,30,New York,Male
2,Jane Smith,25,London,Female
3,Peter Jones,40,Paris,Male
4,Mary Brown,35,Tokyo,Female
5,David Wilson,28,Sydney,Male
6,Sarah Davis,32,Berlin,Female
7,Michael Garcia,27,Rome,Male
8,Linda Rodriguez,38,Madrid,Female
9,Christopher Williams,29,Toronto,Male
10,Jessica Martinez,31,Amsterdam,Female
11,Matthew Anderson,26,Rio de Janeiro,Male
12,Ashley Taylor,34,Cairo,Female
13,Anthony Thomas,24,Moscow,Male
14,Brittany Jackson,37,Delhi,Female
15,Kevin White,33,Beijing,Male
16,Ashley Martin,22,Shanghai,Female
17,Brian Harris,39,Mexico City,Male
18,Amanda Nelson,36,Mumbai,Female
19,Jason Lee,21,Sao Paulo,Male
20,Melissa Young,41,Los Angeles,Female
21,Robert King,23,Chicago,Male
22,Jessica Clark,30,Houston,Female
23,William Lewis,28,Phoenix,Male
24,Ashley Hall,35,Philadelphia,Female
25,David Miller,27,San Antonio,Male
26,Jessica Perez,32,San Diego,Female
27,Christopher Moore,29,Dallas,Male
28,Brittany Garcia,31,San Jose,Female
29,Anthony Rodriguez,26,Austin,Male
30,Ashley Williams,34,Jacksonville,Female
